{
 "2018": {
  "year": 2018,
  "n": 64,
  "missing": [],
  "brier_model": 0.5721768363222915,
  "brier_unif": 0.6666666666666669,
  "rps_model": 0.1362989585800097,
  "rps_unif": 0.16261574074074042,
  "pts_model": 58,
  "pts_naive": 58,
  "pts_per_match_model": 0.90625,
  "pts_per_match_naive": 0.90625,
  "bins": {
   "0.4": [
    3,
    8
   ],
   "0.5": [
    9,
    19
   ],
   "0.6": [
    9,
    14
   ],
   "0.7": [
    11,
    16
   ],
   "0.8": [
    4,
    7
   ]
  }
 },
 "2022": {
  "year": 2022,
  "n": 64,
  "missing": [],
  "brier_model": 0.6262912841727005,
  "brier_unif": 0.6666666666666669,
  "rps_model": 0.15065537085245642,
  "rps_unif": 0.1591435185185182,
  "pts_model": 45,
  "pts_naive": 45,
  "pts_per_match_model": 0.703125,
  "pts_per_match_naive": 0.703125,
  "bins": {
   "0.4": [
    5,
    10
   ],
   "0.5": [
    5,
    9
   ],
   "0.6": [
    6,
    12
   ],
   "0.7": [
    10,
    22
   ],
   "0.8": [
    9,
    10
   ],
   "0.9": [
    0,
    1
   ]
  }
 }
}