{
 "2018": {
  "probs": {
   "Brazil": 0.3068,
   "Germany": 0.17444,
   "Spain": 0.13856,
   "France": 0.06608,
   "Argentina": 0.0602,
   "Portugal": 0.0579,
   "England": 0.04306,
   "Belgium": 0.03572,
   "Colombia": 0.02902,
   "Peru": 0.02056,
   "Uruguay": 0.02034,
   "Switzerland": 0.01262,
   "Mexico": 0.008,
   "Croatia": 0.00766,
   "Poland": 0.0057,
   "Denmark": 0.00496,
   "Iran": 0.0017,
   "Sweden": 0.00142,
   "Iceland": 0.00116,
   "Serbia": 0.00072,
   "Russia": 0.0007,
   "Costa Rica": 0.00068,
   "Senegal": 0.00064,
   "Australia": 0.0004,
   "Morocco": 0.00032,
   "South Korea": 0.00026,
   "Nigeria": 0.00012,
   "Egypt": 0.00012,
   "Panama": 6e-05,
   "Tunisia": 4e-05,
   "Japan": 2e-05,
   "Saudi Arabia": 2e-05
  },
  "actual": "France",
  "actual_prob": 0.06608,
  "actual_rank": 4
 },
 "2022": {
  "probs": {
   "Brazil": 0.27002,
   "Argentina": 0.22222,
   "Netherlands": 0.08866,
   "Spain": 0.08304,
   "France": 0.06554,
   "Belgium": 0.05398,
   "Portugal": 0.05318,
   "Denmark": 0.04302,
   "Germany": 0.03018,
   "England": 0.02052,
   "Uruguay": 0.01922,
   "Croatia": 0.01494,
   "Switzerland": 0.00934,
   "Serbia": 0.0086,
   "Ecuador": 0.00556,
   "Poland": 0.00264,
   "Mexico": 0.00228,
   "USA": 0.0016,
   "Iran": 0.00156,
   "Wales": 0.00104,
   "Japan": 0.0009,
   "South Korea": 0.00064,
   "Canada": 0.0003,
   "Qatar": 0.00028,
   "Morocco": 0.0002,
   "Costa Rica": 0.0002,
   "Australia": 0.00012,
   "Tunisia": 0.00012,
   "Senegal": 0.0001
  },
  "actual": "Argentina",
  "actual_prob": 0.22222,
  "actual_rank": 2
 }
}