{
 "k": 50.0,
 "decay": 0.95,
 "bound": 75.0,
 "baseline": {
  "Mexico": 1868,
  "South Africa": 1517,
  "South Korea": 1756,
  "Czechia": 1733,
  "Canada": 1793,
  "Bosnia and Herzegovina": 1591,
  "Qatar": 1423,
  "Switzerland": 1894,
  "Brazil": 1968,
  "Morocco": 1822,
  "Haiti": 1532,
  "Scotland": 1770,
  "United States": 1733,
  "Paraguay": 1833,
  "Australia": 1775,
  "Turkey": 1906,
  "Germany": 1925,
  "Curaçao": 1433,
  "Ivory Coast": 1676,
  "Ecuador": 1935,
  "Netherlands": 1938,
  "Japan": 1896,
  "Sweden": 1714,
  "Tunisia": 1633,
  "Belgium": 1866,
  "Egypt": 1699,
  "Iran": 1764,
  "New Zealand": 1585,
  "Spain": 2160,
  "Cape Verde": 1576,
  "Saudi Arabia": 1566,
  "Uruguay": 1892,
  "France": 2081,
  "Senegal": 1866,
  "Iraq": 1608,
  "Norway": 1917,
  "Argentina": 2113,
  "Algeria": 1743,
  "Austria": 1830,
  "Jordan": 1685,
  "Portugal": 2050,
  "Congo DR": 1655,
  "Uzbekistan": 1718,
  "Colombia": 1910,
  "England": 2020,
  "Croatia": 1920,
  "Ghana": 1503,
  "Panama": 1733
 },
 "drift": {
  "Mexico": -49.943249701314194,
  "South Africa": 49.943249701314194,
  "South Korea": 25.056750298685802,
  "Czechia": -25.056750298685802,
  "Canada": -41.22162485065709,
  "Bosnia and Herzegovina": 41.22162485065709,
  "Qatar": 29.88649940262838,
  "Switzerland": -29.88649940262838,
  "Brazil": -9.943249701314183,
  "Morocco": 9.943249701314183,
  "Haiti": 65.00000000000001,
  "Scotland": -65.00000000000001,
  "United States": 75.0,
  "Paraguay": -75.0,
  "Australia": -27.613500597371605,
  "Turkey": 27.613500597371605,
  "Germany": 65.28375149342902,
  "Curaçao": -65.28375149342902,
  "Ivory Coast": 75.0,
  "Ecuador": -75.0,
  "Netherlands": 36.335125448028705,
  "Japan": -36.335125448028705,
  "Sweden": 56.39187574671452,
  "Tunisia": -56.39187574671452,
  "Belgium": -47.5,
  "Egypt": 47.5,
  "Iran": -75.0,
  "New Zealand": 75.0,
  "Spain": -7.329749103942586,
  "Cape Verde": 7.329749103942586,
  "Saudi Arabia": -33.94862604540032,
  "Uruguay": 33.94862604540032,
  "France": 37.67025089605741,
  "Senegal": -37.67025089605741,
  "Iraq": 12.38649940262839,
  "Norway": -12.38649940262839
 },
 "processed": [
  {
   "match": 1,
   "home": "Mexico",
   "away": "South Africa",
   "lam_obs": {
    "home": 1.302,
    "away": 0.651,
    "source": "proxy"
   },
   "lam_exp": {
    "home": 1.8,
    "away": 0.15
   },
   "drift_after": {
    "Mexico": -49.94,
    "South Africa": 49.94
   }
  },
  {
   "match": 2,
   "home": "South Korea",
   "away": "Czechia",
   "lam_obs": {
    "home": 1.953,
    "away": 1.302,
    "source": "proxy"
   },
   "lam_exp": {
    "home": 1.2,
    "away": 1.05
   },
   "drift_after": {
    "South Korea": 25.06,
    "Czechia": -25.06
   }
  },
  {
   "match": 3,
   "home": "Canada",
   "away": "Bosnia and Herzegovina",
   "lam_obs": {
    "home": 1.302,
    "away": 0.977,
    "source": "proxy"
   },
   "lam_exp": {
    "home": 1.75,
    "away": 0.6
   },
   "drift_after": {
    "Canada": -41.22,
    "Bosnia and Herzegovina": 41.22
   }
  },
  {
   "match": 4,
   "home": "United States",
   "away": "Paraguay",
   "lam_obs": {
    "home": 1.953,
    "away": 0.326,
    "source": "proxy"
   },
   "lam_exp": {
    "home": 0.9,
    "away": 1.5
   },
   "drift_after": {
    "United States": 75.0,
    "Paraguay": -75.0
   }
  },
  {
   "match": 7,
   "home": "Brazil",
   "away": "Morocco",
   "lam_obs": {
    "home": 1.628,
    "away": 0.977,
    "source": "proxy"
   },
   "lam_exp": {
    "home": 1.65,
    "away": 0.8
   },
   "drift_after": {
    "Brazil": -9.94,
    "Morocco": 9.94
   }
  },
  {
   "match": 8,
   "home": "Qatar",
   "away": "Switzerland",
   "lam_obs": {
    "home": 0.977,
    "away": 2.279,
    "source": "proxy"
   },
   "lam_exp": {
    "home": 0.1,
    "away": 2.0
   },
   "drift_after": {
    "Qatar": 29.89,
    "Switzerland": -29.89
   }
  },
  {
   "match": 5,
   "home": "Haiti",
   "away": "Scotland",
   "lam_obs": {
    "home": 0.651,
    "away": 0.651,
    "source": "proxy"
   },
   "lam_exp": {
    "home": 0.5,
    "away": 1.8
   },
   "drift_after": {
    "Haiti": 65.0,
    "Scotland": -65.0
   }
  },
  {
   "match": 6,
   "home": "Australia",
   "away": "Turkey",
   "lam_obs": {
    "home": 1.302,
    "away": 2.605,
    "source": "proxy"
   },
   "lam_exp": {
    "home": 0.85,
    "away": 1.6
   },
   "drift_after": {
    "Australia": -27.61,
    "Turkey": 27.61
   }
  },
  {
   "match": 10,
   "home": "Germany",
   "away": "Curaçao",
   "lam_obs": {
    "home": 3.907,
    "away": 0.651,
    "source": "proxy"
   },
   "lam_exp": {
    "home": 2.05,
    "away": 0.1
   },
   "drift_after": {
    "Germany": 65.28,
    "Curaçao": -65.28
   }
  },
  {
   "match": 11,
   "home": "Netherlands",
   "away": "Japan",
   "lam_obs": {
    "home": 1.953,
    "away": 0.977,
    "source": "proxy"
   },
   "lam_exp": {
    "home": 1.25,
    "away": 1.0
   },
   "drift_after": {
    "Netherlands": 36.34,
    "Japan": -36.34
   }
  },
  {
   "match": 9,
   "home": "Ivory Coast",
   "away": "Ecuador",
   "lam_obs": {
    "home": 1.302,
    "away": 0.326,
    "source": "proxy"
   },
   "lam_exp": {
    "home": 0.45,
    "away": 1.85
   },
   "drift_after": {
    "Ivory Coast": 75.0,
    "Ecuador": -75.0
   }
  },
  {
   "match": 12,
   "home": "Sweden",
   "away": "Tunisia",
   "lam_obs": {
    "home": 2.279,
    "away": 0.651,
    "source": "proxy"
   },
   "lam_exp": {
    "home": 1.45,
    "away": 0.95
   },
   "drift_after": {
    "Sweden": 56.39,
    "Tunisia": -56.39
   }
  },
  {
   "match": 14,
   "home": "Spain",
   "away": "Cape Verde",
   "lam_obs": {
    "home": 2.279,
    "away": 0.326,
    "source": "proxy"
   },
   "lam_exp": {
    "home": 2.2,
    "away": 0.1
   },
   "drift_after": {
    "Spain": -7.33,
    "Cape Verde": 7.33
   }
  },
  {
   "match": 16,
   "home": "Belgium",
   "away": "Egypt",
   "lam_obs": {
    "home": 0.977,
    "away": 0.977,
    "source": "proxy"
   },
   "lam_exp": {
    "home": 1.7,
    "away": 0.75
   },
   "drift_after": {
    "Belgium": -47.5,
    "Egypt": 47.5
   }
  },
  {
   "match": 13,
   "home": "Saudi Arabia",
   "away": "Uruguay",
   "lam_obs": {
    "home": 0.977,
    "away": 3.256,
    "source": "proxy"
   },
   "lam_exp": {
    "home": 0.2,
    "away": 1.8
   },
   "drift_after": {
    "Saudi Arabia": -33.95,
    "Uruguay": 33.95
   }
  },
  {
   "match": 15,
   "home": "Iran",
   "away": "New Zealand",
   "lam_obs": {
    "home": 1.302,
    "away": 2.605,
    "source": "proxy"
   },
   "lam_exp": {
    "home": 1.75,
    "away": 0.7
   },
   "drift_after": {
    "Iran": -75.0,
    "New Zealand": 75.0
   }
  },
  {
   "match": 17,
   "home": "France",
   "away": "Senegal",
   "lam_obs": {
    "home": 2.605,
    "away": 0.651,
    "source": "proxy"
   },
   "lam_exp": {
    "home": 1.8,
    "away": 0.6
   },
   "drift_after": {
    "France": 37.67,
    "Senegal": -37.67
   }
  },
  {
   "match": 18,
   "home": "Iraq",
   "away": "Norway",
   "lam_obs": {
    "home": 0.326,
    "away": 1.628,
    "source": "proxy"
   },
   "lam_exp": {
    "home": 0.25,
    "away": 1.8
   },
   "drift_after": {
    "Iraq": 12.39,
    "Norway": -12.39
   }
  }
 ],
 "pending": [],
 "history": [
  {
   "match": 3,
   "frozen_top": {
    "Spain": 0.2713,
    "Argentina": 0.1782,
    "France": 0.1422,
    "Portugal": 0.0967,
    "England": 0.0732,
    "Brazil": 0.0344,
    "Ecuador": 0.0232,
    "Netherlands": 0.0223
   },
   "learning_top": {
    "Spain": 0.2697,
    "Argentina": 0.1781,
    "France": 0.1442,
    "Portugal": 0.0969,
    "England": 0.0743,
    "Brazil": 0.0356,
    "Ecuador": 0.0239,
    "Netherlands": 0.0236
   }
  },
  {
   "match": 4,
   "frozen_top": {
    "Spain": 0.2787,
    "Argentina": 0.1775,
    "France": 0.1414,
    "Portugal": 0.0992,
    "England": 0.0721,
    "Brazil": 0.0315,
    "Netherlands": 0.0221,
    "Ecuador": 0.0217
   },
   "learning_top": {
    "Spain": 0.2785,
    "Argentina": 0.1749,
    "France": 0.1438,
    "Portugal": 0.0999,